Workbook

Sheet Ruko 3lt
A1: No. | B1: Uraian Pekerjaan | C1: Spesifikasi Ringkas | D1: Sat | E1: Volume | F1: Harga Sat | G1: Total Harga | H1: Sub-Total
A2: 1 | B2: PEKERJAAN PERSIAPAN | H2: =sum(G3:G9) -> 21230600
B3: Pekerjaan Bowplank | C3: Kayu Kaso dan Papan Cor | D3: m' | E3: 40 | F3: 17400 | G3: =F3*E3 -> 696000
B4: Pembangunan Gudang Kerja | D4: m2 | E4: 30 | F4: 150700 | G4: =F4*E4 -> 4521000
B5: Direksi Keet | D5: m2 | E5: 30 | F5: 150700 | G5: =F5*E5 -> 4521000
B6: Listrik Kerja dan Air Kerja | D6: bln | E6: 6 | F6: 340900 | G6: =F6*E6 -> 2045400
B7: Material Bantu dan Alat Bantu | C7: Schafolding | D7: bln | E7: 6 | F7: 712800 | G7: =F7*E7 -> 4276800
B8: Kebersihan Akhir | C8: Sampai BAST-1 | D8: ls | E8: 96 | F8: 11600 | G8: =F8*E8 -> 1113600
B9: Mob Demob Alat | C9: Mesin Pancang 1 Unit | D9: unit | E9: 1 | F9: 4056800 | G9: =F9*E9 -> 4056800
A11: 2 | B11: PEKERJAAN STRUKTUR | H11: =sum(G12:G44) -> 153450494
B12: Pekerjaan Tiang Pancang
B13: Pemancangan Mini Pile | C13: Square Pile 300x300 | D13: m' | E13: 156 | F13: 396000 | G13: =F13*E13 -> 61776000
C14: Ex: Panton Pile
C15: Metode Jack In Pile
B16: Potong Kepala Pancang | D16: titik | E16: 13 | F16: 60000 | G16: =F16*E16 -> 780000
B18: Pekerjaan Struktur Bawah
B19: Pile Cap
B20: Galian Tanah Manual | D20: m3 | E20: 13.6 | F20: 93800 | G20: =F20*E20 -> 1275680
B21: Pemadatan Tanah Dasar | C21: Menggunakan Stamper | D21: m2 | E21: 8.01 | F21: 30000 | G21: =F21*E21 -> 240300
B22: Pasir Urug | C22: T = 10cm | D22: m3 | E22: 0.8 | F22: 549600 | G22: =F22*E22 -> 439680
B23: Lantai Kerja | C23: T = 5 cm, Site Mix K-125 | D23: m3 | E23: 0.4 | F23: 751500 | G23: =F23*E23 -> 300600
B24: Bekisting | C24: Bekisting Batako | D24: m2 | E24: 18.53 | F24: 114600 | G24: =F24*E24 -> 2123538
B25: Besi | C25: Standard SNI - 4 besar | D25: kg | E25: 1207.74 | F25: 13000 | G25: =F25*E25 -> 15700620
B26: Beton | C26: K-300 Ex Holcim - SCG Setara | D26: m3 | E26: 6.28 | F26: 1238700 | G26: =F26*E26 -> 7779036
B28: Sloof | D28: m3 | E28: 6.48 | F28: 96000 | G28: =F28*E28 -> 622080
B29: Galian Tanah Manual | C29: Menggunakan Stamper | D29: m2 | E29: 10.71 | F29: 30000 | G29: =F29*E29 -> 321300
B30: Pemadatan Tanah Dasar | C30: T = 10cm | D30: m3 | E30: 1 | F30: 549600 | G30: =F30*E30 -> 549600
B31: Pasir Urug | C31: T = 5 cm, Site Mix K-125 | D31: m3 | E31: 0.5 | F31: 751500 | G31: =F31*E31 -> 375750
B32: Lantai Kerja | C32: Bekisting Batako | D32: m2 | E32: 39.89 | F32: 114600 | G32: =F32*E32 -> 4571394
B33: Bekisting | C33: Standard SNI - 4 besar | D33: kg | E33: 329.61 | F33: 13000 | G33: =F33*E33 -> 4284930
B34: Besi | C34: K-300 Ex Holcim - SCG Setara | D34: m3 | E34: 4.99 | F34: 1238700 | G34: =F34*E34 -> 6181113
B35: Beton
B37: Pelat Lantai Dasar
B38: Galian Tanah Manual | D38: m3 | E38: 28.29 | F38: 96000 | G38: =F38*E38 -> 2715840
B39: Pemadatan Tanah Dasar | C39: Menggunakan Stamper | D39: m2 | E39: 101.04 | F39: 30000 | G39: =F39*E39 -> 3031200
B40: Pasir Urug | C40: T = 10cm | D40: m3 | E40: 10.1 | F40: 549600 | G40: =F40*E40 -> 5550960
B41: Lantai Kerja | C41: T = 5 cm, Site Mix K-125 | D41: m3 | E41: 5.05 | F41: 751500 | G41: =F41*E41 -> 3795075
B42: Bekisting | C42: Bekisting Batako | D42: m2 | E42: 8 | F42: 114600 | G42: =F42*E42 -> 916800
B43: Besi | C43: Wiremesh M8-1 50 | D43: m2 | E43: 101.04 | F43: 137000 | G43: =F43*E43 -> 13842480
B44: Beton | C44: K-300 Ex Holcim - SCG Setara | D44: m3 | E44: 13.14 | F44: 1238700 | G44: =F44*E44 -> 16276518
A46: 3 | B46: Pekerjaan Struktur Atas | H46: =sum(G48:G103) -> 323881846
B47: Kolom Lt. Dasar
B48: Bekisting | C48: Bekisting Multiplek | D48: m2 | E48: 23.94 | F48: 114600 | G48: =F48*E48 -> 2743524
B49: Besi | C49: Standard SNI - 4 Besar | D49: kg | E49: 690.46 | F49: 13000 | G49: =F49*E49 -> 8975980
B50: Beton | C50: K-300 Ex : Holcim - SCG Setara | D50: m3 | E50: 2.46 | F50: 1238700 | G50: =F50*E50 -> 3047202
B52: Balok Lt.2
B53: Bekisting | C53: Beksiting Multiplek | D53: m2 | E53: 51.85 | F53: 114600 | G53: =F53*E53 -> 5942010
B54: Besi | C54: Standard SNI - 4 Besar | D54: kg | E54: 1171.45 | F54: 13000 | G54: =F54*E54 -> 15228850
B55: Beton | C55: K- 300 Ex : Holcim - SCG Setara | D55: m3 | E55: 6.33 | F55: 1238700 | G55: =F55*E55 -> 7840971
B57: Pelat Lt.2
B58: Bekisting Konvensional | C58: Beksiting Multiplek | D58: m2 | E58: 3 | F58: 114600 | G58: =F58*E58 -> 343800
B59: Beksiting Floor Deck | C59: Ex : CBM CD 930 tct 0.7 mm | D59: m2 | E59: 105.04 | F59: 198000 | G59: =F59*E59 -> 20797920
B60: Besi | C60: Standard SNI - 4 Besar | D60: kg | E60: 380 | F60: 13000 | G60: =F60*E60 -> 4940000
B61: Besi | C61: Wiremesh M8-150 | D61: m2 | E61: 108.04 | F61: 133900 | G61: =F61*E61 -> 14466556
B62: Beton | C62: K-300 Ex : Holcim - SCG Setara | D62: m3 | E62: 15.63 | F62: 1238700 | G62: =F62*E62 -> 19360881
B64: Kolom Lt. 2
B65: Bekisting | C65: Bekisting Multiplek | D65: m2 | E65: 23.94 | F65: 114600 | G65: =F65*E65 -> 2743524
B66: Besi | C66: Standard SNI - 4 Besar | D66: kg | E66: 690.46 | F66: 13000 | G66: =F66*E66 -> 8975980
B67: Beton | C67: K-300 Ex: Holcim - SCG Setara | D67: m3 | E67: 2.46 | F67: 1238700 | G67: =F67*E67 -> 3047202
B69: Balok Lt. 3
B70: Bekisting | C70: Bekisting Multiplek | D70: m2 | E70: 51.85 | F70: 114600 | G70: =F70*E70 -> 5942010
B71: Besi | C71: Standard SNI - 4 Besar | D71: kg | E71: 1171.45 | F71: 13000 | G71: =F71*E71 -> 15228850
B72: Beton | C72: K-300 Ex : Holcim - SCG Setara | D72: m3 | E72: 6.33 | F72: 1238700 | G72: =F72*E72 -> 7840971
B74: Pelat Lt. 3
B75: Bekisting Konvensional | C75: Bekisting Multiplek | D75: m2 | E75: 3 | F75: 114600 | G75: =F75*E75 -> 343800
B76: Bekisting Floor Deck | C76: Ex : CBM CD 930 tct 0.7mm | D76: m2 | E76: 105.04 | F76: 198000 | G76: =F76*E76 -> 20797920
B77: Besi | C77: Standard SNI - 4 besar | D77: kg | E77: 380 | F77: 13000 | G77: =F77*E77 -> 4940000
B78: Besi | C78: Wiremesh M8-150 | D78: m2 | E78: 108.04 | F78: 137000 | G78: =F78*E78 -> 14801480
B79: Beton | C79: K-300 Ex: Holcim - SCG Setara | D79: m3 | E79: 15.63 | F79: 1238700 | G79: =F79*E79 -> 19360881
B81: Kolom Lt.3
B82: Bekisting | C82: Bekisting Multiplek | D82: m2 | E82: 23.94 | F82: 114600 | G82: =F82*E82 -> 2743524
B83: Besi | C83: Standard SNI - 4 Besar | D83: kg | E83: 690.46 | F83: 13000 | G83: =F83*E83 -> 8975980
B84: Beton | C84: K-300 Ex: Holcim - SCG Setara | D84: m3 | E84: 2.46 | F84: 1238700 | G84: =F84*E84 -> 3047202
B86: Balok Lt. Dak
B87: Beksiting | C87: Bekisting Multiplek | D87: m2 | E87: 54.88 | F87: 114600 | G87: =F87*E87 -> 6289248
B88: Besi | C88: Standard SNI - 4 Besar | D88: kg | E88: 1068.12 | F88: 13000 | G88: =F88*E88 -> 13885560
B89: Beton | C89: K-300 Ex: Holcim - SCG Setara | D89: m3 | E89: 6.47 | F89: 1238700 | G89: =F89*E89 -> 8014389
B91: Pelat Lt. Dak
B92: Bekisting Floor Deck | C92: Ex : CBM CD 930 tct 0.7mm | D92: m2 | E92: 105.04 | F92: 186000 | G92: =F92*E92 -> 19537440 | I92: berkurang 1/3
B93: Besi | C93: Standard SNI - 4 besar | D93: kg | E93: 380 | F93: 13000 | G93: =F93*E93 -> 4940000 | I93: ditambahin zincalume 2/3 atap
B94: Besi | C94: Wiremesh M8-150 | D94: m2 | E94: 108.04 | F94: 137000 | G94: =F94*E94 -> 14801480
B95: Beton | C95: K-300 Ex: Holcim - SCG Setara | D95: m3 | E95: 15.63 | F95: 1238700 | G95: =F95*E95 -> 19360881
B98: Struktur Area Penutup Atap | C98: Ukuran 2.55 x 2.45 | D98: unit | E98: 1 | F98: 4500000 | G98: =F98*E98 -> 4500000 | I98: dak tangga?
B100: Struktur Tangga
B101: Bekisting | C101: Bekisting Multiplek | D101: m2 | E101: 26.42 | F101: 114600 | G101: =F101*E101 -> 3027732 | I101: berkurang 2/3
B102: Besi | C102: Standard SNI - 4 Besar | D102: kg | E102: 290.61 | F102: 13000 | G102: =F102*E102 -> 3777930
B103: Beton | C103: K-300 Ex : holcim - SCG Setara | D103: m3 | E103: 2.64 | F103: 1238700 | G103: =F103*E103 -> 3270168
A105: C | B105: PEKERJAAN FINISHING | H105: =sum(G107:G171) -> 471451425
B106: Finishing Dinding | I106: berkurang jadi 2/3 | J106: tidak ada material conwood | K106: ga pake
B107: Pasangan Dinding Bata Ringan | C107: Pasangan Bata Ringan t = 7.5 | D107: m2 | E107: 460.58 | F107: 137300 | G107: =F107*E107 -> 63237634 | J107: tidak ada material phomi | K107: pake
B108: Plesteran | C108: Semen Instan | D108: m2 | E108: 921.16 | F108: 49200 | G108: =F108*E108 -> 45321072 | J108: tidak ada material glassblock | K108: pake
B109: Acian | C109: Semen Instan | D109: m2 | E109: 921.16 | F109: 22600 | G109: =F109*E109 -> 20818216
B110: Cat Dinding Interior | D110: m2 | E110: 607.56 | F110: 21600 | G110: =F110*E110 -> 13123296
B111: Cat Dinding Exterior | D111: m2 | E111: 263.46 | F111: 30000 | G111: =F111*E111 -> 7903800
B112: Keramik Dinding Kamar Mandi | D112: m2 | E112: 56.34 | F112: 281000 | G112: =F112*E112 -> 15831540
B113: Expose Kolom dan Balok
B115: Finishing Lantai
B116: Screed Lantai | D116: m2 | E116: 401.4 | F116: 46200 | G116: =F116*E116 -> 18544680
B117: Keramik Utama 60x60 | C117: Code F2 PC Rate 130.000/m2 | D117: m2 | E117: 246.12 | F117: 286300 | G117: =F117*E117 -> 70464156
B118: Keramik Lantai Kamar Mandi | C118: Code F2 PC Rate 130.000/m2 | D118: m2 | E118: 10.55 | F118: 286300 | G118: =F118*E118 -> 3020465
...

Sheet Ruko 2lt (8M)
A1: No. | B1: Uraian Pekerjaan | C1: Spesifikasi Ringkas | D1: Sat | E1: Volume | F1: Harga Sat | G1: Total Harga | H1: Sub-Total
A2: 1 | B2: PEKERJAAN PERSIAPAN | H2: =sum(G3:G9) -> 21230600
B3: Pekerjaan Bowplank | C3: Kayu Kaso dan Papan Cor | D3: m' | E3: 40 | F3: 17400 | G3: =F3*E3 -> 696000
B4: Pembangunan Gudang Kerja | D4: m2 | E4: 30 | F4: 150700 | G4: =F4*E4 -> 4521000
B5: Direksi Keet | D5: m2 | E5: 30 | F5: 150700 | G5: =F5*E5 -> 4521000
B6: Listrik Kerja dan Air Kerja | D6: bln | E6: 6 | F6: 340900 | G6: =F6*E6 -> 2045400
B7: Material Bantu dan Alat Bantu | C7: Schafolding | D7: bln | E7: 6 | F7: 712800 | G7: =F7*E7 -> 4276800
B8: Kebersihan Akhir | C8: Sampai BAST-1 | D8: ls | E8: 96 | F8: 11600 | G8: =F8*E8 -> 1113600
B9: Mob Demob Alat | C9: Mesin Pancang 1 Unit | D9: unit | E9: 1 | F9: 4056800 | G9: =F9*E9 -> 4056800
A11: 2 | B11: PEKERJAAN STRUKTUR | H11: =sum(G12:G44) -> 153450494
B12: Pekerjaan Tiang Pancang
B13: Pemancangan Mini Pile | C13: Square Pile 300x300 | D13: m' | E13: 156 | F13: 396000 | G13: =F13*E13 -> 61776000
C14: Ex: Panton Pile
C15: Metode Jack In Pile
B16: Potong Kepala Pancang | D16: titik | E16: 13 | F16: 60000 | G16: =F16*E16 -> 780000
B18: Pekerjaan Struktur Bawah
B19: Pile Cap
B20: Galian Tanah Manual | D20: m3 | E20: 13.6 | F20: 93800 | G20: =F20*E20 -> 1275680
B21: Pemadatan Tanah Dasar | C21: Menggunakan Stamper | D21: m2 | E21: 8.01 | F21: 30000 | G21: =F21*E21 -> 240300
B22: Pasir Urug | C22: T = 10cm | D22: m3 | E22: 0.8 | F22: 549600 | G22: =F22*E22 -> 439680
B23: Lantai Kerja | C23: T = 5 cm, Site Mix K-125 | D23: m3 | E23: 0.4 | F23: 751500 | G23: =F23*E23 -> 300600
B24: Bekisting | C24: Bekisting Batako | D24: m2 | E24: 18.53 | F24: 114600 | G24: =F24*E24 -> 2123538
B25: Besi | C25: Standard SNI - 4 besar | D25: kg | E25: 1207.74 | F25: 13000 | G25: =F25*E25 -> 15700620
B26: Beton | C26: K-300 Ex Holcim - SCG Setara | D26: m3 | E26: 6.28 | F26: 1238700 | G26: =F26*E26 -> 7779036
B28: Sloof | D28: m3 | E28: 6.48 | F28: 96000 | G28: =F28*E28 -> 622080
B29: Galian Tanah Manual | C29: Menggunakan Stamper | D29: m2 | E29: 10.71 | F29: 30000 | G29: =F29*E29 -> 321300
B30: Pemadatan Tanah Dasar | C30: T = 10cm | D30: m3 | E30: 1 | F30: 549600 | G30: =F30*E30 -> 549600
B31: Pasir Urug | C31: T = 5 cm, Site Mix K-125 | D31: m3 | E31: 0.5 | F31: 751500 | G31: =F31*E31 -> 375750
B32: Lantai Kerja | C32: Bekisting Batako | D32: m2 | E32: 39.89 | F32: 114600 | G32: =F32*E32 -> 4571394
B33: Bekisting | C33: Standard SNI - 4 besar | D33: kg | E33: 329.61 | F33: 13000 | G33: =F33*E33 -> 4284930
B34: Besi | C34: K-300 Ex Holcim - SCG Setara | D34: m3 | E34: 4.99 | F34: 1238700 | G34: =F34*E34 -> 6181113
B35: Beton
B37: Pelat Lantai Dasar
B38: Galian Tanah Manual | D38: m3 | E38: 28.29 | F38: 96000 | G38: =F38*E38 -> 2715840
B39: Pemadatan Tanah Dasar | C39: Menggunakan Stamper | D39: m2 | E39: 101.04 | F39: 30000 | G39: =F39*E39 -> 3031200
B40: Pasir Urug | C40: T = 10cm | D40: m3 | E40: 10.1 | F40: 549600 | G40: =F40*E40 -> 5550960
B41: Lantai Kerja | C41: T = 5 cm, Site Mix K-125 | D41: m3 | E41: 5.05 | F41: 751500 | G41: =F41*E41 -> 3795075
B42: Bekisting | C42: Bekisting Batako | D42: m2 | E42: 8 | F42: 114600 | G42: =F42*E42 -> 916800
B43: Besi | C43: Wiremesh M8-1 50 | D43: m2 | E43: 101.04 | F43: 137000 | G43: =F43*E43 -> 13842480
B44: Beton | C44: K-300 Ex Holcim - SCG Setara | D44: m3 | E44: 13.14 | F44: 1238700 | G44: =F44*E44 -> 16276518
A46: 3 | B46: Pekerjaan Struktur Atas | H46: =sum(G48:G89) -> 241012067
B47: Kolom Lt. Dasar
B48: Bekisting | C48: Bekisting Multiplek | D48: m2 | E48: 23.94 | F48: 114600 | G48: =F48*E48 -> 2743524
B49: Besi | C49: Standard SNI - 4 Besar | D49: kg | E49: 690.46 | F49: 13000 | G49: =F49*E49 -> 8975980
B50: Beton | C50: K-300 Ex : Holcim - SCG Setara | D50: m3 | E50: 2.46 | F50: 1238700 | G50: =F50*E50 -> 3047202
B52: Balok Lt.2
B53: Bekisting | C53: Beksiting Multiplek | D53: m2 | E53: 51.85 | F53: 114600 | G53: =F53*E53 -> 5942010
B54: Besi | C54: Standard SNI - 4 Besar | D54: kg | E54: 1171.45 | F54: 13000 | G54: =F54*E54 -> 15228850
B55: Beton | C55: K- 300 Ex : Holcim - SCG Setara | D55: m3 | E55: 6.33 | F55: 1238700 | G55: =F55*E55 -> 7840971
B57: Pelat Lt.2
B58: Bekisting Konvensional | C58: Beksiting Multiplek | D58: m2 | E58: 3 | F58: 114600 | G58: =F58*E58 -> 343800
B59: Beksiting Floor Deck | C59: Ex : CBM CD 930 tct 0.7 mm | D59: m2 | E59: 105.04 | F59: 198000 | G59: =F59*E59 -> 20797920
B60: Besi | C60: Standard SNI - 4 Besar | D60: kg | E60: 380 | F60: 13000 | G60: =F60*E60 -> 4940000
B61: Besi | C61: Wiremesh M8-150 | D61: m2 | E61: 108.04 | F61: 133900 | G61: =F61*E61 -> 14466556
B62: Beton | C62: K-300 Ex : Holcim - SCG Setara | D62: m3 | E62: 15.63 | F62: 1238700 | G62: =F62*E62 -> 19360881
B64: Kolom Lt. 2
B65: Bekisting | C65: Bekisting Multiplek | D65: m2 | E65: 23.94 | F65: 114600 | G65: =F65*E65 -> 2743524
B66: Besi | C66: Standard SNI - 4 Besar | D66: kg | E66: 690.46 | F66: 13000 | G66: =F66*E66 -> 8975980
B67: Beton | C67: K-300 Ex: Holcim - SCG Setara | D67: m3 | E67: 2.46 | F67: 1238700 | G67: =F67*E67 -> 3047202
B69: Balok Lt. 3
B70: Bekisting | C70: Bekisting Multiplek | D70: m2 | E70: 51.85 | F70: 114600 | G70: =F70*E70 -> 5942010
B71: Besi | C71: Standard SNI - 4 Besar | D71: kg | E71: 1171.45 | F71: 13000 | G71: =F71*E71 -> 15228850
B72: Beton | C72: K-300 Ex : Holcim - SCG Setara | D72: m3 | E72: 6.33 | F72: 1238700 | G72: =F72*E72 -> 7840971
B74: Balok Lt. Dak
B75: Beksiting | C75: Bekisting Multiplek | D75: m2 | E75: 54.88 | F75: 114600 | G75: =F75*E75 -> 6289248
B76: Besi | C76: Standard SNI - 4 Besar | D76: kg | E76: 1068.12 | F76: 13000 | G76: =F76*E76 -> 13885560
B77: Beton | C77: K-300 Ex: Holcim - SCG Setara | D77: m3 | E77: 6.47 | F77: 1238700 | G77: =F77*E77 -> 8014389
I78: =E78
B79: Pelat Lt. Dak | I79: =E79
B80: Bekisting Floor Deck | C80: Ex : CBM CD 930 tct 0.7mm | D80: m2 | E80: 105.04 | F80: 186000 | G80: =F80*E80 -> 19537440
B81: Besi | C81: Standard SNI - 4 besar | D81: kg | E81: 380 | F81: 13000 | G81: =F81*E81 -> 4940000
B82: Besi | C82: Wiremesh M8-150 | D82: m2 | E82: 108.04 | F82: 137000 | G82: =F82*E82 -> 14801480
B83: Beton | C83: K-300 Ex: Holcim - SCG Setara | D83: m3 | E83: 15.63 | F83: 1238700 | G83: =F83*E83 -> 19360881
I84: =E84
B86: Struktur Tangga
B87: Bekisting | C87: Bekisting Multiplek | D87: m2 | E87: 17.61 | F87: 114600 | G87: =F87*E87 -> 2018106
B88: Besi | C88: Standard SNI - 4 Besar | D88: kg | E88: 193.74 | F88: 13000 | G88: =F88*E88 -> 2518620
B89: Beton | C89: K-300 Ex : holcim - SCG Setara | D89: m3 | E89: 1.76 | F89: 1238700 | G89: =F89*E89 -> 2180112
A91: C | B91: PEKERJAAN FINISHING | H91: =sum(G93:G158) -> 372282238
B92: Finishing Dinding
B93: Pasangan Dinding Bata Ringan | C93: Pasangan Bata Ringan t = 7.5 | D93: m2 | E93: 307.05 | F93: 137300 | G93: =F93*E93 -> 42157965
B94: Plesteran | C94: Semen Instan | D94: m2 | E94: 614.1 | F94: 49200 | G94: =F94*E94 -> 30213720
B95: Acian | C95: Semen Instan | D95: m2 | E95: 614.1 | F95: 22600 | G95: =F95*E95 -> 13878660
B96: Cat Dinding Interior | D96: m2 | E96: 405.04 | F96: 21600 | G96: =F96*E96 -> 8748864
B97: Tiled Texture Exterior | C97: Ex : PHOMI | D97: m2 | E97: 120.46 | F97: 230000 | G97: =F97*E97 -> 27705800
B98: Cat Dinding Exterior | D98: m2 | E98: 95.33 | F98: 30000 | G98: =F98*E98 -> 2859900
B99: Keramik Dinding Kamar Mandi | D99: m2 | E99: 37.56 | F99: 281000 | G99: =F99*E99 -> 10554360
B100: Expose Kolom dan Balok
B102: Finishing Lantai
B103: Screed Lantai | D103: m2 | E103: 267.6 | F103: 46200 | G103: =F103*E103 -> 12363120
B104: Keramik Utama 60x60 | C104: Code F2 PC Rate 130.000/m2 | D104: m2 | E104: 164.08 | F104: 286300 | G104: =F104*E104 -> 46976104
B105: Keramik Lantai Kamar Mandi | C105: Code F2 PC Rate 130.000/m2 | D105: m2 | E105: 7.03 | F105: 286300 | G105: =F105*E105 -> 2012689
B106: Andesit Bakar | C106: Code F1 | D106: m2 | E106: 22.01 | F106: 267600 | G106: =F106*E106 -> 5889876
B107: Waterproofing Kamar Mandi dan Dak Atap | C107: Ex: SikaTop 107 | D107: m2 | E107: 69.66 | F107: 108000 | G107: =F107*E107 -> 7523280
B108: Parket Flooring | C108: Area Outdoor Lantai 2 | D108: m2 | E108: 11.11 | F108: 540000 | G108: =F108*E108 -> 5999400
B110: Finishing Tangga
B111: Screed Lantai | D111: m2 | E111: 21.32 | F111: 46200 | G111: =F111*E111 -> 984984
B112: Keramik Tangga 60 x 60 | C112: Tanpa Step Nozing | D112: m2 | E112: 21.32 | F112: 335000 | G112: =F112*E112 -> 7142200
B113: Railing Tangga | D113: m' | E113: 10.88 | F113: 660000 | G113: =F113*E113 -> 7180800
B115: Pekerjaan Plafond
...

Sheet Ruko 2lt (6M)
A1: No. | B1: Uraian Pekerjaan | C1: Spesifikasi Ringkas | D1: Sat | E1: Volume | F1: Harga Sat | G1: Total Harga | H1: Sub-Total
A2: 1 | B2: PEKERJAAN PERSIAPAN | H2: =sum(G3:G9) -> 21230600
B3: Pekerjaan Bowplank | C3: Kayu Kaso dan Papan Cor | D3: m' | E3: 40 | F3: 17400 | G3: =F3*E3 -> 696000
B4: Pembangunan Gudang Kerja | D4: m2 | E4: 30 | F4: 150700 | G4: =F4*E4 -> 4521000
B5: Direksi Keet | D5: m2 | E5: 30 | F5: 150700 | G5: =F5*E5 -> 4521000
B6: Listrik Kerja dan Air Kerja | D6: bln | E6: 6 | F6: 340900 | G6: =F6*E6 -> 2045400
B7: Material Bantu dan Alat Bantu | C7: Schafolding | D7: bln | E7: 6 | F7: 712800 | G7: =F7*E7 -> 4276800
B8: Kebersihan Akhir | C8: Sampai BAST-1 | D8: ls | E8: 96 | F8: 11600 | G8: =F8*E8 -> 1113600
B9: Mob Demob Alat | C9: Mesin Pancang 1 Unit | D9: unit | E9: 1 | F9: 4056800 | G9: =F9*E9 -> 4056800
A11: 2 | B11: PEKERJAAN STRUKTUR | H11: =sum(G12:G44) -> 141902978
B12: Pekerjaan Tiang Pancang
B13: Pemancangan Mini Pile | C13: Square Pile 300x300 | D13: m' | E13: 156 | F13: 396000 | G13: =F13*E13 -> 61776000
C14: Ex: Panton Pile
C15: Metode Jack In Pile
B16: Potong Kepala Pancang | D16: titik | E16: 13 | F16: 60000 | G16: =F16*E16 -> 780000
B18: Pekerjaan Struktur Bawah
B19: Pile Cap
B20: Galian Tanah Manual | D20: m3 | E20: 13.6 | F20: 93800 | G20: =F20*E20 -> 1275680
B21: Pemadatan Tanah Dasar | C21: Menggunakan Stamper | D21: m2 | E21: 8.01 | F21: 30000 | G21: =F21*E21 -> 240300
B22: Pasir Urug | C22: T = 10cm | D22: m3 | E22: 0.8 | F22: 549600 | G22: =F22*E22 -> 439680
B23: Lantai Kerja | C23: T = 5 cm, Site Mix K-125 | D23: m3 | E23: 0.4 | F23: 751500 | G23: =F23*E23 -> 300600
B24: Bekisting | C24: Bekisting Batako | D24: m2 | E24: 18.53 | F24: 114600 | G24: =F24*E24 -> 2123538
B25: Besi | C25: Standard SNI - 4 besar | D25: kg | E25: 1207.74 | F25: 13000 | G25: =F25*E25 -> 15700620
B26: Beton | C26: K-300 Ex Holcim - SCG Setara | D26: m3 | E26: 6.28 | F26: 1238700 | G26: =F26*E26 -> 7779036
B28: Sloof | D28: m3 | E28: 6.48 | F28: 96000 | G28: =F28*E28 -> 622080
B29: Galian Tanah Manual | C29: Menggunakan Stamper | D29: m2 | E29: 10.71 | F29: 30000 | G29: =F29*E29 -> 321300
B30: Pemadatan Tanah Dasar | C30: T = 10cm | D30: m3 | E30: 1 | F30: 549600 | G30: =F30*E30 -> 549600
B31: Pasir Urug | C31: T = 5 cm, Site Mix K-125 | D31: m3 | E31: 0.5 | F31: 751500 | G31: =F31*E31 -> 375750
B32: Lantai Kerja | C32: Bekisting Batako | D32: m2 | E32: 39.89 | F32: 114600 | G32: =F32*E32 -> 4571394
B33: Bekisting | C33: Standard SNI - 4 besar | D33: kg | E33: 329.61 | F33: 13000 | G33: =F33*E33 -> 4284930
B34: Besi | C34: K-300 Ex Holcim - SCG Setara | D34: m3 | E34: 4.99 | F34: 1238700 | G34: =F34*E34 -> 6181113
B35: Beton
B37: Pelat Lantai Dasar
B38: Galian Tanah Manual | D38: m3 | E38: 21.21 | F38: 96000 | G38: =F38*E38 -> 2036160
B39: Pemadatan Tanah Dasar | C39: Menggunakan Stamper | D39: m2 | E39: 75.78 | F39: 30000 | G39: =F39*E39 -> 2273400
B40: Pasir Urug | C40: T = 10cm | D40: m3 | E40: 7.57 | F40: 549600 | G40: =F40*E40 -> 4160472
B41: Lantai Kerja | C41: T = 5 cm, Site Mix K-125 | D41: m3 | E41: 3.78 | F41: 751500 | G41: =F41*E41 -> 2840670
B42: Bekisting | C42: Bekisting Batako | D42: m2 | E42: 6 | F42: 114600 | G42: =F42*E42 -> 687600
B43: Besi | C43: Wiremesh M8-1 50 | D43: m2 | E43: 75.78 | F43: 137000 | G43: =F43*E43 -> 10381860
B44: Beton | C44: K-300 Ex Holcim - SCG Setara | D44: m3 | E44: 9.85 | F44: 1238700 | G44: =F44*E44 -> 12201195
A46: 3 | B46: Pekerjaan Struktur Atas | H46: =sum(G48:G89) -> 182394812
B47: Kolom Lt. Dasar
B48: Bekisting | C48: Bekisting Multiplek | D48: m2 | E48: 17.95 | F48: 114600 | G48: =F48*E48 -> 2057070
B49: Besi | C49: Standard SNI - 4 Besar | D49: kg | E49: 517.84 | F49: 13000 | G49: =F49*E49 -> 6731920
B50: Beton | C50: K-300 Ex : Holcim - SCG Setara | D50: m3 | E50: 1.84 | F50: 1238700 | G50: =F50*E50 -> 2279208
B52: Balok Lt.2
B53: Bekisting | C53: Beksiting Multiplek | D53: m2 | E53: 38.88 | F53: 114600 | G53: =F53*E53 -> 4455648
B54: Besi | C54: Standard SNI - 4 Besar | D54: kg | E54: 878.58 | F54: 13000 | G54: =F54*E54 -> 11421540
B55: Beton | C55: K- 300 Ex : Holcim - SCG Setara | D55: m3 | E55: 4.74 | F55: 1238700 | G55: =F55*E55 -> 5871438
B57: Pelat Lt.2
B58: Bekisting Konvensional | C58: Beksiting Multiplek | D58: m2 | E58: 2.25 | F58: 114600 | G58: =F58*E58 -> 257850
B59: Beksiting Floor Deck | C59: Ex : CBM CD 930 tct 0.7 mm | D59: m2 | E59: 78.78 | F59: 198000 | G59: =F59*E59 -> 15598440
B60: Besi | C60: Standard SNI - 4 Besar | D60: kg | E60: 285 | F60: 13000 | G60: =F60*E60 -> 3705000
B61: Besi | C61: Wiremesh M8-150 | D61: m2 | E61: 81.03 | F61: 133900 | G61: =F61*E61 -> 10849917
B62: Beton | C62: K-300 Ex : Holcim - SCG Setara | D62: m3 | E62: 11.72 | F62: 1238700 | G62: =F62*E62 -> 14517564
B64: Kolom Lt. 2
B65: Bekisting | C65: Bekisting Multiplek | D65: m2 | E65: 17.95 | F65: 114600 | G65: =F65*E65 -> 2057070
B66: Besi | C66: Standard SNI - 4 Besar | D66: kg | E66: 517.84 | F66: 13000 | G66: =F66*E66 -> 6731920
B67: Beton | C67: K-300 Ex: Holcim - SCG Setara | D67: m3 | E67: 1.84 | F67: 1238700 | G67: =F67*E67 -> 2279208
B69: Balok Lt. Dak
B70: Bekisting | C70: Bekisting Multiplek | D70: m2 | E70: 38.88 | F70: 114600 | G70: =F70*E70 -> 4455648
B71: Besi | C71: Standard SNI - 4 Besar | D71: kg | E71: 878.58 | F71: 13000 | G71: =F71*E71 -> 11421540
B72: Beton | C72: K-300 Ex : Holcim - SCG Setara | D72: m3 | E72: 4.74 | F72: 1238700 | G72: =F72*E72 -> 5871438
B74: Balok Lt. Dak
B75: Beksiting | C75: Bekisting Multiplek | D75: m2 | E75: 41.16 | F75: 114600 | G75: =F75*E75 -> 4716936
B76: Besi | C76: Standard SNI - 4 Besar | D76: kg | E76: 801.09 | F76: 13000 | G76: =F76*E76 -> 10414170
B77: Beton | C77: K-300 Ex: Holcim - SCG Setara | D77: m3 | E77: 4.85 | F77: 1238700 | G77: =F77*E77 -> 6007695
B79: Pelat Lt. Dak
B80: Bekisting Floor Deck | C80: Ex : CBM CD 930 tct 0.7mm | D80: m2 | E80: 78.78 | F80: 186000 | G80: =F80*E80 -> 14653080
B81: Besi | C81: Standard SNI - 4 besar | D81: kg | E81: 285 | F81: 13000 | G81: =F81*E81 -> 3705000
B82: Besi | C82: Wiremesh M8-150 | D82: m2 | E82: 81.03 | F82: 137000 | G82: =F82*E82 -> 11101110
B83: Beton | C83: K-300 Ex: Holcim - SCG Setara | D83: m3 | E83: 11.72 | F83: 1238700 | G83: =F83*E83 -> 14517564
B86: Struktur Tangga
B87: Bekisting | C87: Bekisting Multiplek | D87: m2 | E87: 17.61 | F87: 114600 | G87: =F87*E87 -> 2018106
B88: Besi | C88: Standard SNI - 4 Besar | D88: kg | E88: 193.74 | F88: 13000 | G88: =F88*E88 -> 2518620
B89: Beton | C89: K-300 Ex : holcim - SCG Setara | D89: m3 | E89: 1.76 | F89: 1238700 | G89: =F89*E89 -> 2180112
A91: C | B91: PEKERJAAN FINISHING | H91: =sum(G93:G159) -> 2.969562e+08
B92: Finishing Dinding
B93: Pasangan Dinding Bata Ringan | C93: Pasangan Bata Ringan t = 7.5 | D93: m2 | E93: 230.2875 | F93: 137300 | G93: =F93*E93 -> 31618474
B94: Plesteran | C94: Semen Instan | D94: m2 | E94: 460.575 | F94: 49200 | G94: =F94*E94 -> 22660290
B95: Acian | C95: Semen Instan | D95: m2 | E95: 460.575 | F95: 22600 | G95: =F95*E95 -> 10408995
B96: Cat Dinding Interior | D96: m2 | E96: 303.78 | F96: 21600 | G96: =F96*E96 -> 6561648
B97: Tiled Texture Exterior | C97: Ex : PHOMI | D97: m2 | E97: 90.34 | F97: 230000 | G97: =F97*E97 -> 20778200
B98: Cat Dinding Exterior | D98: m2 | E98: 71.49 | F98: 30000 | G98: =F98*E98 -> 2144700
B99: Keramik Dinding Kamar Mandi | D99: m2 | E99: 28.17 | F99: 281000 | G99: =F99*E99 -> 7915770
B100: Expose Kolom dan Balok
B101: Glassblock Exterior | C101: Ex : Mulia | D101: m2 | E101: 12.4 | F101: 380000 | G101: =F101*E101 -> 4712000
B103: Finishing Lantai
B104: Screed Lantai | D104: m2 | E104: 200.7 | F104: 46200 | G104: =F104*E104 -> 9272340
B105: Keramik Utama 60x60 | C105: Code F2 PC Rate 130.000/m2 | D105: m2 | E105: 123.06 | F105: 286300 | G105: =F105*E105 -> 35232078
B106: Keramik Lantai Kamar Mandi | C106: Code F2 PC Rate 130.000/m2 | D106: m2 | E106: 5.27 | F106: 286300 | G106: =F106*E106 -> 1508801
B107: Andesit Bakar | C107: Code F1 | D107: m2 | E107: 16.5 | F107: 267600 | G107: =F107*E107 -> 4415400
B108: Waterproofing Kamar Mandi dan Dak Atap | C108: Ex: SikaTop 107 | D108: m2 | E108: 52.24 | F108: 108000 | G108: =F108*E108 -> 5641920
B109: Parket Flooring | C109: Area Outdoor Lantai 2 | D109: m2 | E109: 8.33 | F109: 540000 | G109: =F109*E109 -> 4498200
B111: Finishing Tangga
B112: Screed Lantai | D112: m2 | F112: 46200 | G112: =F112*E112 -> 0
B113: Keramik Tangga 60 x 60 | C113: Tanpa Step Nozing | D113: m2 | F113: 335000 | G113: =F113*E113 -> 0
B114: Railing Tangga | D114: m' | F114: 660000 | G114: =F114*E114 -> 0
B116: Pekerjaan Plafond
B117: Gypsum Board | C117: Code C2 | D117: m2 | E117: 180 | F117: 114000 | G117: =F117*E117 -> 20520000
...

Sheet Ruko 3lt belakang (6M)
A1: No. | B1: Uraian Pekerjaan | C1: Spesifikasi Ringkas | D1: Sat | E1: Volume | F1: Harga Sat | G1: Total Harga | H1: Sub-Total
A2: 1 | B2: PEKERJAAN PERSIAPAN | H2: =sum(G3:G9) -> 31845900
B3: Pekerjaan Bowplank | C3: Kayu Kaso dan Papan Cor | D3: m' | E3: 40 | F3: 17400 | G3: =F3*I3 -> 1044000 | I3: =E3*1.5 -> 60
B4: Pembangunan Gudang Kerja | D4: m2 | E4: 30 | F4: 150700 | G4: =F4*I4 -> 6781500 | I4: =E4*1.5 -> 45
B5: Direksi Keet | D5: m2 | E5: 30 | F5: 150700 | G5: =F5*I5 -> 6781500 | I5: =E5*1.5 -> 45
B6: Listrik Kerja dan Air Kerja | D6: bln | E6: 6 | F6: 340900 | G6: =F6*I6 -> 3068100 | I6: =E6*1.5 -> 9
B7: Material Bantu dan Alat Bantu | C7: Schafolding | D7: bln | E7: 6 | F7: 712800 | G7: =F7*I7 -> 6415200 | I7: =E7*1.5 -> 9
B8: Kebersihan Akhir | C8: Sampai BAST-1 | D8: ls | E8: 96 | F8: 11600 | G8: =F8*I8 -> 1670400 | I8: =E8*1.5 -> 144
B9: Mob Demob Alat | C9: Mesin Pancang 1 Unit | D9: unit | E9: 1 | F9: 4056800 | G9: =F9*I9 -> 6085200 | I9: =E9*1.5 -> 1.5
A11: 2 | B11: PEKERJAAN STRUKTUR
B12: Pekerjaan Tiang Pancang | H12: =sum(G13:G44) -> 212854467
B13: Pemancangan Mini Pile | C13: Square Pile 300x300 | D13: m' | E13: 156 | F13: 396000 | G13: =F13*I13 -> 92664000 | I13: =E13*1.5 -> 234
C14: Ex: Panton Pile
C15: Metode Jack In Pile
B16: Potong Kepala Pancang | D16: titik | E16: 13 | F16: 60000 | G16: =F16*I16 -> 1170000 | I16: =E16*1.5 -> 19.5
B18: Pekerjaan Struktur Bawah
B19: Pile Cap
B20: Galian Tanah Manual | D20: m3 | E20: 13.6 | F20: 93800 | G20: =F20*I20 -> 1913520 | I20: =E20*1.5 -> 20.4
B21: Pemadatan Tanah Dasar | C21: Menggunakan Stamper | D21: m2 | E21: 8.01 | F21: 30000 | G21: =F21*I21 -> 360450 | I21: =E21*1.5 -> 12.015
B22: Pasir Urug | C22: T = 10cm | D22: m3 | E22: 0.8 | F22: 549600 | G22: =F22*I22 -> 659520 | I22: =E22*1.5 -> 1.2
B23: Lantai Kerja | C23: T = 5 cm, Site Mix K-125 | D23: m3 | E23: 0.4 | F23: 751500 | G23: =F23*I23 -> 450900 | I23: =E23*1.5 -> 0.6
B24: Bekisting | C24: Bekisting Batako | D24: m2 | E24: 18.53 | F24: 114600 | G24: =F24*I24 -> 3185307 | I24: =E24*1.5 -> 27.795
B25: Besi | C25: Standard SNI - 4 besar | D25: kg | E25: 1207.74 | F25: 13000 | G25: =F25*I25 -> 23550930 | I25: =E25*1.5 -> 1811.61
B26: Beton | C26: K-300 Ex Holcim - SCG Setara | D26: m3 | E26: 6.28 | F26: 1238700 | G26: =F26*I26 -> 11668554 | I26: =E26*1.5 -> 9.42
B28: Sloof | D28: m3 | E28: 6.48 | F28: 96000 | G28: =F28*I28 -> 933120 | I28: =E28*1.5 -> 9.72
B29: Galian Tanah Manual | C29: Menggunakan Stamper | D29: m2 | E29: 10.71 | F29: 30000 | G29: =F29*I29 -> 481950 | I29: =E29*1.5 -> 16.065
B30: Pemadatan Tanah Dasar | C30: T = 10cm | D30: m3 | E30: 1 | F30: 549600 | G30: =F30*I30 -> 824400 | I30: =E30*1.5 -> 1.5
B31: Pasir Urug | C31: T = 5 cm, Site Mix K-125 | D31: m3 | E31: 0.5 | F31: 751500 | G31: =F31*I31 -> 563625 | I31: =E31*1.5 -> 0.75
B32: Lantai Kerja | C32: Bekisting Batako | D32: m2 | E32: 39.89 | F32: 114600 | G32: =F32*I32 -> 6857091 | I32: =E32*1.5 -> 59.835
B33: Bekisting | C33: Standard SNI - 4 besar | D33: kg | E33: 329.61 | F33: 13000 | G33: =F33*I33 -> 6427395 | I33: =E33*1.5 -> 494.415
B34: Besi | C34: K-300 Ex Holcim - SCG Setara | D34: m3 | E34: 4.99 | F34: 1238700 | G34: =F34*I34 -> 9271669.5 | I34: =E34*1.5 -> 7.485
B35: Beton
B37: Pelat Lantai Dasar
B38: Galian Tanah Manual | D38: m3 | E38: 21.21 | F38: 96000 | G38: =F38*I38 -> 3054240 | I38: =E38*1.5 -> 31.815
B39: Pemadatan Tanah Dasar | C39: Menggunakan Stamper | D39: m2 | E39: 75.78 | F39: 30000 | G39: =F39*I39 -> 3410100 | I39: =E39*1.5 -> 113.67
B40: Pasir Urug | C40: T = 10cm | D40: m3 | E40: 7.57 | F40: 549600 | G40: =F40*I40 -> 6240708 | I40: =E40*1.5 -> 11.355
B41: Lantai Kerja | C41: T = 5 cm, Site Mix K-125 | D41: m3 | E41: 3.78 | F41: 751500 | G41: =F41*I41 -> 4261005 | I41: =E41*1.5 -> 5.67
B42: Bekisting | C42: Bekisting Batako | D42: m2 | E42: 6 | F42: 114600 | G42: =F42*I42 -> 1031400 | I42: =E42*1.5 -> 9
B43: Besi | C43: Wiremesh M8-1 50 | D43: m2 | E43: 75.78 | F43: 137000 | G43: =F43*I43 -> 15572790 | I43: =E43*1.5 -> 113.67
B44: Beton | C44: K-300 Ex Holcim - SCG Setara | D44: m3 | E44: 9.85 | F44: 1238700 | G44: =F44*I44 -> 18301792 | I44: =E44*1.5 -> 14.775
A46: 3 | B46: Pekerjaan Struktur Atas
B47: Kolom Lt. Dasar | H47: =sum(G48:G89) -> 273592218
B48: Bekisting | C48: Bekisting Multiplek | D48: m2 | E48: 17.95 | F48: 114600 | G48: =F48*I48 -> 3085605 | I48: =E48*1.5 -> 26.925
B49: Besi | C49: Standard SNI - 4 Besar | D49: kg | E49: 517.84 | F49: 13000 | G49: =F49*I49 -> 10097880 | I49: =E49*1.5 -> 776.76
B50: Beton | C50: K-300 Ex : Holcim - SCG Setara | D50: m3 | E50: 1.84 | F50: 1238700 | G50: =F50*I50 -> 3418812 | I50: =E50*1.5 -> 2.76
B52: Balok Lt.2
B53: Bekisting | C53: Beksiting Multiplek | D53: m2 | E53: 38.88 | F53: 114600 | G53: =F53*I53 -> 6683472 | I53: =E53*1.5 -> 58.32
B54: Besi | C54: Standard SNI - 4 Besar | D54: kg | E54: 878.58 | F54: 13000 | G54: =F54*I54 -> 17132310 | I54: =E54*1.5 -> 1317.87
B55: Beton | C55: K- 300 Ex : Holcim - SCG Setara | D55: m3 | E55: 4.74 | F55: 1238700 | G55: =F55*I55 -> 8807157 | I55: =E55*1.5 -> 7.11
B57: Pelat Lt.2
B58: Bekisting Konvensional | C58: Beksiting Multiplek | D58: m2 | E58: 2.25 | F58: 114600 | G58: =F58*I58 -> 386775 | I58: =E58*1.5 -> 3.375
B59: Beksiting Floor Deck | C59: Ex : CBM CD 930 tct 0.7 mm | D59: m2 | E59: 78.78 | F59: 198000 | G59: =F59*I59 -> 23397660 | I59: =E59*1.5 -> 118.17
B60: Besi | C60: Standard SNI - 4 Besar | D60: kg | E60: 285 | F60: 13000 | G60: =F60*I60 -> 5557500 | I60: =E60*1.5 -> 427.5
B61: Besi | C61: Wiremesh M8-150 | D61: m2 | E61: 81.03 | F61: 133900 | G61: =F61*I61 -> 16274876 | I61: =E61*1.5 -> 121.545
B62: Beton | C62: K-300 Ex : Holcim - SCG Setara | D62: m3 | E62: 11.72 | F62: 1238700 | G62: =F62*I62 -> 21776346 | I62: =E62*1.5 -> 17.58
B64: Kolom Lt. 2
B65: Bekisting | C65: Bekisting Multiplek | D65: m2 | E65: 17.95 | F65: 114600 | G65: =F65*I65 -> 3085605 | I65: =E65*1.5 -> 26.925
B66: Besi | C66: Standard SNI - 4 Besar | D66: kg | E66: 517.84 | F66: 13000 | G66: =F66*I66 -> 10097880 | I66: =E66*1.5 -> 776.76
B67: Beton | C67: K-300 Ex: Holcim - SCG Setara | D67: m3 | E67: 1.84 | F67: 1238700 | G67: =F67*I67 -> 3418812 | I67: =E67*1.5 -> 2.76
B69: Balok Lt. Dak
B70: Bekisting | C70: Bekisting Multiplek | D70: m2 | E70: 38.88 | F70: 114600 | G70: =F70*I70 -> 6683472 | I70: =E70*1.5 -> 58.32
B71: Besi | C71: Standard SNI - 4 Besar | D71: kg | E71: 878.58 | F71: 13000 | G71: =F71*I71 -> 17132310 | I71: =E71*1.5 -> 1317.87
B72: Beton | C72: K-300 Ex : Holcim - SCG Setara | D72: m3 | E72: 4.74 | F72: 1238700 | G72: =F72*I72 -> 8807157 | I72: =E72*1.5 -> 7.11
B74: Balok Lt. Dak
B75: Beksiting | C75: Bekisting Multiplek | D75: m2 | E75: 41.16 | F75: 114600 | G75: =F75*I75 -> 7075404 | I75: =E75*1.5 -> 61.74
B76: Besi | C76: Standard SNI - 4 Besar | D76: kg | E76: 801.09 | F76: 13000 | G76: =F76*I76 -> 15621255 | I76: =E76*1.5 -> 1201.635
B77: Beton | C77: K-300 Ex: Holcim - SCG Setara | D77: m3 | E77: 4.85 | F77: 1238700 | G77: =F77*I77 -> 9011542.5 | I77: =E77*1.5 -> 7.275
B79: Pelat Lt. Dak
B80: Bekisting Floor Deck | C80: Ex : CBM CD 930 tct 0.7mm | D80: m2 | E80: 78.78 | F80: 186000 | G80: =F80*I80 -> 21979620 | I80: =E80*1.5 -> 118.17
B81: Besi | C81: Standard SNI - 4 besar | D81: kg | E81: 285 | F81: 13000 | G81: =F81*I81 -> 5557500 | I81: =E81*1.5 -> 427.5
B82: Besi | C82: Wiremesh M8-150 | D82: m2 | E82: 81.03 | F82: 137000 | G82: =F82*I82 -> 16651665 | I82: =E82*1.5 -> 121.545
B83: Beton | C83: K-300 Ex: Holcim - SCG Setara | D83: m3 | E83: 11.72 | F83: 1238700 | G83: =F83*I83 -> 21776346 | I83: =E83*1.5 -> 17.58
B86: Struktur Tangga
B87: Bekisting | C87: Bekisting Multiplek | D87: m2 | E87: 17.61 | F87: 114600 | G87: =F87*I87 -> 3027159 | I87: =E87*1.5 -> 26.415
B88: Besi | C88: Standard SNI - 4 Besar | D88: kg | E88: 193.74 | F88: 13000 | G88: =F88*I88 -> 3777930 | I88: =E88*1.5 -> 290.61
B89: Beton | C89: K-300 Ex : holcim - SCG Setara | D89: m3 | E89: 1.76 | F89: 1238700 | G89: =F89*I89 -> 3270168 | I89: =E89*1.5 -> 2.64
A91: C | B91: PEKERJAAN FINISHING
B92: Finishing Dinding | H92: =sum(G93:G159) -> 4.454343e+08
B93: Pasangan Dinding Bata Ringan | C93: Pasangan Bata Ringan t = 7.5 | D93: m2 | E93: 230.2875 | F93: 137300 | G93: =F93*I93 -> 47427711 | I93: =E93*1.5 -> 345.43125
B94: Plesteran | C94: Semen Instan | D94: m2 | E94: 460.575 | F94: 49200 | G94: =F94*I94 -> 33990435 | I94: =E94*1.5 -> 690.8625
B95: Acian | C95: Semen Instan | D95: m2 | E95: 460.575 | F95: 22600 | G95: =F95*I95 -> 15613492 | I95: =E95*1.5 -> 690.8625
B96: Cat Dinding Interior | D96: m2 | E96: 303.78 | F96: 21600 | G96: =F96*I96 -> 9842472 | I96: =E96*1.5 -> 455.67
B97: Tiled Texture Exterior | C97: Ex : PHOMI | D97: m2 | E97: 90.34 | F97: 230000 | G97: =F97*I97 -> 31167300 | I97: =E97*1.5 -> 135.51
B98: Cat Dinding Exterior | D98: m2 | E98: 71.49 | F98: 30000 | G98: =F98*I98 -> 3217050 | I98: =E98*1.5 -> 107.235
B99: Keramik Dinding Kamar Mandi | D99: m2 | E99: 28.17 | F99: 281000 | G99: =F99*I99 -> 11873655 | I99: =E99*1.5 -> 42.255
B100: Expose Kolom dan Balok
B101: Glassblock Exterior | C101: Ex : Mulia | D101: m2 | E101: 12.4 | F101: 380000 | G101: =F101*I101 -> 7068000 | I101: =E101*1.5 -> 18.6
B103: Finishing Lantai
B104: Screed Lantai | D104: m2 | E104: 200.7 | F104: 46200 | G104: =F104*I104 -> 13908510 | I104: =E104*1.5 -> 301.05
B105: Keramik Utama 60x60 | C105: Code F2 PC Rate 130.000/m2 | D105: m2 | E105: 123.06 | F105: 286300 | G105: =F105*I105 -> 52848117 | I105: =E105*1.5 -> 184.59
B106: Keramik Lantai Kamar Mandi | C106: Code F2 PC Rate 130.000/m2 | D106: m2 | E106: 5.27 | F106: 286300 | G106: =F106*I106 -> 2263201.5 | I106: =E106*1.5 -> 7.905
B107: Andesit Bakar | C107: Code F1 | D107: m2 | E107: 16.5 | F107: 267600 | G107: =F107*I107 -> 6623100 | I107: =E107*1.5 -> 24.75
B108: Waterproofing Kamar Mandi dan Dak Atap | C108: Ex: SikaTop 107 | D108: m2 | E108: 52.24 | F108: 108000 | G108: =F108*I108 -> 8462880 | I108: =E108*1.5 -> 78.36
B109: Parket Flooring | C109: Area Outdoor Lantai 2 | D109: m2 | E109: 8.33 | F109: 540000 | G109: =F109*I109 -> 6747300 | I109: =E109*1.5 -> 12.495
B111: Finishing Tangga
B112: Screed Lantai | D112: m2 | F112: 46200
B113: Keramik Tangga 60 x 60 | C113: Tanpa Step Nozing | D113: m2 | F113: 335000
B114: Railing Tangga | D114: m' | F114: 660000
B116: Pekerjaan Plafond
B117: Gypsum Board | C117: Code C2 | D117: m2 | E117: 180 | F117: 114000 | G117: =F117*I117 -> 30780000 | I117: =E117*1.5 -> 270
...

Sheet Ruko 2lt (L)
A1: No. | B1: Uraian Pekerjaan | C1: Spesifikasi Ringkas | D1: Sat | E1: Volume | F1: Harga Sat | G1: Total Harga | H1: Sub-Total
A2: 1 | B2: PEKERJAAN PERSIAPAN | H2: =sum(G3:G9) -> 21230600
B3: Pekerjaan Bowplank | C3: Kayu Kaso dan Papan Cor | D3: m' | E3: 40 | F3: 17400 | G3: =F3*E3 -> 696000
B4: Pembangunan Gudang Kerja | D4: m2 | E4: 30 | F4: 150700 | G4: =F4*E4 -> 4521000
B5: Direksi Keet | D5: m2 | E5: 30 | F5: 150700 | G5: =F5*E5 -> 4521000
B6: Listrik Kerja dan Air Kerja | D6: bln | E6: 6 | F6: 340900 | G6: =F6*E6 -> 2045400
B7: Material Bantu dan Alat Bantu | C7: Schafolding | D7: bln | E7: 6 | F7: 712800 | G7: =F7*E7 -> 4276800
B8: Kebersihan Akhir | C8: Sampai BAST-1 | D8: ls | E8: 96 | F8: 11600 | G8: =F8*E8 -> 1113600
B9: Mob Demob Alat | C9: Mesin Pancang 1 Unit | D9: unit | E9: 1 | F9: 4056800 | G9: =F9*E9 -> 4056800
A11: 2 | B11: PEKERJAAN STRUKTUR | H11: =sum(G12:G44) -> 230133864
B12: Pekerjaan Tiang Pancang
B13: Pemancangan Mini Pile | C13: Square Pile 300x300 | D13: m' | E13: 234 | F13: 396000 | G13: =F13*E13 -> 92664000
C14: Ex: Panton Pile
C15: Metode Jack In Pile
B16: Potong Kepala Pancang | D16: titik | E16: 19 | F16: 60000 | G16: =F16*E16 -> 1140000
B18: Pekerjaan Struktur Bawah
B19: Pile Cap
B20: Galian Tanah Manual | D20: m3 | E20: 20.4 | F20: 93800 | G20: =F20*E20 -> 1913520
B21: Pemadatan Tanah Dasar | C21: Menggunakan Stamper | D21: m2 | E21: 12.01 | F21: 30000 | G21: =F21*E21 -> 360300
B22: Pasir Urug | C22: T = 10cm | D22: m3 | E22: 1.2 | F22: 549600 | G22: =F22*E22 -> 659520
B23: Lantai Kerja | C23: T = 5 cm, Site Mix K-125 | D23: m3 | E23: 0.6 | F23: 751500 | G23: =F23*E23 -> 450900
B24: Bekisting | C24: Bekisting Batako | D24: m2 | E24: 27.79 | F24: 114600 | G24: =F24*E24 -> 3184734
B25: Besi | C25: Standard SNI - 4 besar | D25: kg | E25: 1811.61 | F25: 13000 | G25: =F25*E25 -> 23550930
B26: Beton | C26: K-300 Ex Holcim - SCG Setara | D26: m3 | E26: 9.42 | F26: 1238700 | G26: =F26*E26 -> 11668554
B28: Sloof | D28: m3 | E28: 9.72 | F28: 96000 | G28: =F28*E28 -> 933120
B29: Galian Tanah Manual | C29: Menggunakan Stamper | D29: m2 | E29: 16.06 | F29: 30000 | G29: =F29*E29 -> 481800
B30: Pemadatan Tanah Dasar | C30: T = 10cm | D30: m3 | E30: 1.5 | F30: 549600 | G30: =F30*E30 -> 824400
B31: Pasir Urug | C31: T = 5 cm, Site Mix K-125 | D31: m3 | E31: 0.75 | F31: 751500 | G31: =F31*E31 -> 563625
B32: Lantai Kerja | C32: Bekisting Batako | D32: m2 | E32: 59.83 | F32: 114600 | G32: =F32*E32 -> 6856518
B33: Bekisting | C33: Standard SNI - 4 besar | D33: kg | E33: 494.415 | F33: 13000 | G33: =F33*E33 -> 6427395
B34: Besi | C34: K-300 Ex Holcim - SCG Setara | D34: m3 | E34: 7.48 | F34: 1238700 | G34: =F34*E34 -> 9265476
B35: Beton
B37: Pelat Lantai Dasar
B38: Galian Tanah Manual | D38: m3 | E38: 42.43 | F38: 96000 | G38: =F38*E38 -> 4073280
B39: Pemadatan Tanah Dasar | C39: Menggunakan Stamper | D39: m2 | E39: 151.56 | F39: 30000 | G39: =F39*E39 -> 4546800
B40: Pasir Urug | C40: T = 10cm | D40: m3 | E40: 15.15 | F40: 549600 | G40: =F40*E40 -> 8326440
B41: Lantai Kerja | C41: T = 5 cm, Site Mix K-125 | D41: m3 | E41: 7.57 | F41: 751500 | G41: =F41*E41 -> 5688855
B42: Bekisting | C42: Bekisting Batako | D42: m2 | E42: 12 | F42: 114600 | G42: =F42*E42 -> 1375200
B43: Besi | C43: Wiremesh M8-1 50 | D43: m2 | E43: 151.56 | F43: 137000 | G43: =F43*E43 -> 20763720
B44: Beton | C44: K-300 Ex Holcim - SCG Setara | D44: m3 | E44: 19.71 | F44: 1238700 | G44: =F44*E44 -> 24414777
A46: 3 | B46: Pekerjaan Struktur Atas | H46: =sum(G48:G89) -> 351400170
B47: Kolom Lt. Dasar
B48: Bekisting | C48: Bekisting Multiplek | D48: m2 | E48: 35.91 | F48: 114600 | G48: =F48*E48 -> 4115286
B49: Besi | C49: Standard SNI - 4 Besar | D49: kg | E49: 1035.69 | F49: 13000 | G49: =F49*E49 -> 13463970
B50: Beton | C50: K-300 Ex : Holcim - SCG Setara | D50: m3 | E50: 3.69 | F50: 1238700 | G50: =F50*E50 -> 4570803
B52: Balok Lt.2
B53: Bekisting | C53: Beksiting Multiplek | D53: m2 | E53: 77.77 | F53: 114600 | G53: =F53*E53 -> 8912442
B54: Besi | C54: Standard SNI - 4 Besar | D54: kg | E54: 1757.17 | F54: 13000 | G54: =F54*E54 -> 22843210
B55: Beton | C55: K- 300 Ex : Holcim - SCG Setara | D55: m3 | E55: 9.49 | F55: 1238700 | G55: =F55*E55 -> 11755263
B57: Pelat Lt.2
B58: Bekisting Konvensional | C58: Beksiting Multiplek | D58: m2 | E58: 4.5 | F58: 114600 | G58: =F58*E58 -> 515700
B59: Beksiting Floor Deck | C59: Ex : CBM CD 930 tct 0.7 mm | D59: m2 | E59: 157.56 | F59: 198000 | G59: =F59*E59 -> 31196880
B60: Besi | C60: Standard SNI - 4 Besar | D60: kg | E60: 570 | F60: 13000 | G60: =F60*E60 -> 7410000
B61: Besi | C61: Wiremesh M8-150 | D61: m2 | E61: 162.06 | F61: 133900 | G61: =F61*E61 -> 21699834
B62: Beton | C62: K-300 Ex : Holcim - SCG Setara | D62: m3 | E62: 23.44 | F62: 1238700 | G62: =F62*E62 -> 29035128
B64: Kolom Lt. 2
B65: Bekisting | C65: Bekisting Multiplek | D65: m2 | E65: 35.91 | F65: 114600 | G65: =F65*E65 -> 4115286
B66: Besi | C66: Standard SNI - 4 Besar | D66: kg | E66: 1035.69 | F66: 13000 | G66: =F66*E66 -> 13463970
B67: Beton | C67: K-300 Ex: Holcim - SCG Setara | D67: m3 | E67: 3.69 | F67: 1238700 | G67: =F67*E67 -> 4570803
B69: Balok Lt. 3
B70: Bekisting | C70: Bekisting Multiplek | D70: m2 | E70: 77.77 | F70: 114600 | G70: =F70*E70 -> 8912442
B71: Besi | C71: Standard SNI - 4 Besar | D71: kg | E71: 1757 | F71: 13000 | G71: =F71*E71 -> 22841000
B72: Beton | C72: K-300 Ex : Holcim - SCG Setara | D72: m3 | E72: 9.49 | F72: 1238700 | G72: =F72*E72 -> 11755263
B74: Balok Lt. Dak
B75: Beksiting | C75: Bekisting Multiplek | D75: m2 | E75: 82.32 | F75: 114600 | G75: =F75*E75 -> 9433872
B76: Besi | C76: Standard SNI - 4 Besar | D76: kg | E76: 1602.18 | F76: 13000 | G76: =F76*E76 -> 20828340
B77: Beton | C77: K-300 Ex: Holcim - SCG Setara | D77: m3 | E77: 9.7 | F77: 1238700 | G77: =F77*E77 -> 12015390
B79: Pelat Lt. Dak
B80: Bekisting Floor Deck | C80: Ex : CBM CD 930 tct 0.7mm | D80: m2 | E80: 157.56 | F80: 186000 | G80: =F80*E80 -> 29306160
B81: Besi | C81: Standard SNI - 4 besar | D81: kg | E81: 570 | F81: 13000 | G81: =F81*E81 -> 7410000
B82: Besi | C82: Wiremesh M8-150 | D82: m2 | E82: 162 | F82: 137000 | G82: =F82*E82 -> 22194000
B83: Beton | C83: K-300 Ex: Holcim - SCG Setara | D83: m3 | E83: 23.44 | F83: 1238700 | G83: =F83*E83 -> 29035128
B86: Struktur Tangga
B87: Bekisting | C87: Bekisting Multiplek | D87: m2 | F87: 114600 | G87: =F87*E87 -> 0
B88: Besi | C88: Standard SNI - 4 Besar | D88: kg | F88: 13000 | G88: =F88*E88 -> 0
B89: Beton | C89: K-300 Ex : holcim - SCG Setara | D89: m3 | F89: 1238700 | G89: =F89*E89 -> 0
A91: C | B91: PEKERJAAN FINISHING | H91: =sum(G93:G160) -> 490900405
B92: Finishing Dinding
B93: Pasangan Dinding Bata Ringan | C93: Pasangan Bata Ringan t = 7.5 | D93: m2 | E93: 537.33 | F93: 137300 | G93: =F93*E93 -> 73775409
B94: Plesteran | C94: Semen Instan | D94: m2 | E94: 1074.67 | F94: 49200 | G94: =F94*E94 -> 52873764
B95: Acian | C95: Semen Instan | D95: m2 | E95: 1074.67 | F95: 22600 | G95: =F95*E95 -> 24287542
B96: Cat Dinding Interior | D96: m2 | E96: 708.82 | F96: 21600 | G96: =F96*E96 -> 15310512
B97: Tiled Texture Exterior | C97: Ex : PHOMI | D97: m2 | E97: 210.8 | F97: 230000 | G97: =F97*E97 -> 48484000
B98: Cat Dinding Exterior | D98: m2 | E98: 166.82 | F98: 30000 | G98: =F98*E98 -> 5004600
B99: Keramik Dinding Kamar Mandi | D99: m2 | E99: 65.73 | F99: 281000 | G99: =F99*E99 -> 18470130
B100: Expose Kolom dan Balok
B101: Glassblock Exterior | C101: Ex : Mulia | D101: m2 | F101: 380000 | G101: =F101*E101 -> 0
B103: Finishing Lantai
B104: Screed Lantai | D104: m2 | E104: 468.3 | F104: 46200 | G104: =F104*E104 -> 21635460
B105: Keramik Utama 60x60 | C105: Code F2 PC Rate 130.000/m2 | D105: m2 | E105: 287.14 | F105: 286300 | G105: =F105*E105 -> 82208182
B106: Keramik Lantai Kamar Mandi | C106: Code F2 PC Rate 130.000/m2 | D106: m2 | E106: 12.3 | F106: 286300 | G106: =F106*E106 -> 3521490
B107: Andesit Bakar | C107: Code F1 | D107: m2 | E107: 38.51 | F107: 267600 | G107: =F107*E107 -> 10305276
B108: Waterproofing Kamar Mandi dan Dak Atap | C108: Ex: SikaTop 107 | D108: m2 | E108: 121.9 | F108: 108000 | G108: =F108*E108 -> 13165200
B109: Parket Flooring | C109: Area Outdoor Lantai 2 | D109: m2 | E109: 19.44 | F109: 540000 | G109: =F109*E109 -> 10497600
B112: Finishing Tangga
B113: Screed Lantai | D113: m2 | F113: 46200 | G113: =F113*E113 -> 0
B114: Keramik Tangga 60 x 60 | C114: Tanpa Step Nozing | D114: m2 | F114: 335000 | G114: =F114*E114 -> 0
B115: Railing Tangga | D115: m' | F115: 660000 | G115: =F115*E115 -> 0
B117: Pekerjaan Plafond
B118: Gypsum Board | C118: Code C2 | D118: m2 | E118: 420.01 | F118: 114000 | G118: =F118*E118 -> 47881140
...

Sheet Clubhouse
A1: No. | B1: Uraian Pekerjaan | C1: Spesifikasi Ringkas | D1: Sat | E1: Volume | F1: Harga Sat | G1: Total Harga | H1: Sub-Total | I1: Satuan Luas Clubhouse
A2: 1 | B2: PEKERJAAN PERSIAPAN | H2: =sum(G3:G9) -> 21230600
B3: Pekerjaan Bowplank | C3: Kayu Kaso dan Papan Cor | D3: m' | E3: 40 | F3: 17400 | G3: =F3*E3 -> 696000 | I3: =E3*4.5 -> 180
B4: Pembangunan Gudang Kerja | D4: m2 | E4: 30 | F4: 150700 | G4: =F4*E4 -> 4521000 | I4: =E4*4.5 -> 135
B5: Direksi Keet | D5: m2 | E5: 30 | F5: 150700 | G5: =F5*E5 -> 4521000 | I5: =E5*4.5 -> 135
B6: Listrik Kerja dan Air Kerja | D6: bln | E6: 6 | F6: 340900 | G6: =F6*E6 -> 2045400 | I6: =E6*4.5 -> 27
B7: Material Bantu dan Alat Bantu | C7: Schafolding | D7: bln | E7: 6 | F7: 712800 | G7: =F7*E7 -> 4276800 | I7: =E7*4.5 -> 27
B8: Kebersihan Akhir | C8: Sampai BAST-1 | D8: ls | E8: 96 | F8: 11600 | G8: =F8*E8 -> 1113600 | I8: =E8*4.5 -> 432
B9: Mob Demob Alat | C9: Mesin Pancang 1 Unit | D9: unit | E9: 1 | F9: 4056800 | G9: =F9*E9 -> 4056800 | I9: =E9*4.5 -> 4.5
A11: 2 | B11: PEKERJAAN STRUKTUR | H11: =sum(G12:G48) -> 742374494
B12: Pekerjaan Tiang Pancang
B13: Pemancangan Mini Pile | C13: Square Pile 300x300 | D13: m' | E13: 156 | F13: 396000 | G13: =F13*E13 -> 61776000 | I13: =E13*4.5 -> 702
C14: Ex: Panton Pile
C15: Metode Jack In Pile
B16: Potong Kepala Pancang | D16: titik | E16: 13 | F16: 60000 | G16: =F16*E16 -> 780000 | I16: =E16*4.5 -> 58.5
B18: Pekerjaan Struktur Bawah
B19: Pile Cap
B20: Galian Tanah Manual | D20: m3 | E20: 13.6 | F20: 93800 | G20: =F20*E20 -> 1275680 | I20: =E20*4.5 -> 61.2
B21: Pemadatan Tanah Dasar | C21: Menggunakan Stamper | D21: m2 | E21: 8.01 | F21: 30000 | G21: =F21*E21 -> 240300 | I21: =E21*4.5 -> 36.045
B22: Pasir Urug | C22: T = 10cm | D22: m3 | E22: 0.8 | F22: 549600 | G22: =F22*E22 -> 439680 | I22: =E22*4.5 -> 3.6
B23: Lantai Kerja | C23: T = 5 cm, Site Mix K-125 | D23: m3 | E23: 0.4 | F23: 751500 | G23: =F23*E23 -> 300600 | I23: =E23*4.5 -> 1.8
B24: Bekisting | C24: Bekisting Batako | D24: m2 | E24: 18.53 | F24: 114600 | G24: =F24*E24 -> 2123538 | I24: =E24*4.5 -> 83.385
B25: Besi | C25: Standard SNI - 4 besar | D25: kg | E25: 1207.74 | F25: 13000 | G25: =F25*E25 -> 15700620 | I25: =E25*4.5 -> 5434.83
B26: Beton | C26: K-300 Ex Holcim - SCG Setara | D26: m3 | E26: 6.28 | F26: 1238700 | G26: =F26*E26 -> 7779036 | I26: =E26*4.5 -> 28.26
B28: Sloof | D28: m3 | E28: 6.48 | F28: 96000 | G28: =F28*E28 -> 622080 | I28: =E28*4.5 -> 29.16
B29: Galian Tanah Manual | C29: Menggunakan Stamper | D29: m2 | E29: 10.71 | F29: 30000 | G29: =F29*E29 -> 321300 | I29: =E29*4.5 -> 48.195
B30: Pemadatan Tanah Dasar | C30: T = 10cm | D30: m3 | E30: 1 | F30: 549600 | G30: =F30*E30 -> 549600 | I30: =E30*4.5 -> 4.5
B31: Pasir Urug | C31: T = 5 cm, Site Mix K-125 | D31: m3 | E31: 0.5 | F31: 751500 | G31: =F31*E31 -> 375750 | I31: =E31*4.5 -> 2.25
B32: Lantai Kerja | C32: Bekisting Batako | D32: m2 | E32: 39.89 | F32: 114600 | G32: =F32*E32 -> 4571394 | I32: =E32*4.5 -> 179.505
B33: Bekisting | C33: Standard SNI - 4 besar | D33: kg | E33: 329.61 | F33: 13000 | G33: =F33*E33 -> 4284930 | I33: =E33*4.5 -> 1483.245
B34: Besi | C34: K-300 Ex Holcim - SCG Setara | D34: m3 | E34: 4.99 | F34: 1238700 | G34: =F34*E34 -> 6181113 | I34: =E34*4.5 -> 22.455
B35: Beton
B37: Kolam Renang
B38: Harga Per m3 | C38: Standard | D38: m3 | E38: 143.64 | F38: 4100000 | G38: =F38*E38 -> 588924000
B41: Pelat Lantai Dasar
B42: Galian Tanah Manual | D42: m3 | E42: 28.29 | F42: 96000 | G42: =F42*E42 -> 2715840 | I42: =E42*4.5 -> 127.305
B43: Pemadatan Tanah Dasar | C43: Menggunakan Stamper | D43: m2 | E43: 101.04 | F43: 30000 | G43: =F43*E43 -> 3031200 | I43: =E43*4.5 -> 454.68
B44: Pasir Urug | C44: T = 10cm | D44: m3 | E44: 10.1 | F44: 549600 | G44: =F44*E44 -> 5550960 | I44: =E44*4.5 -> 45.45
B45: Lantai Kerja | C45: T = 5 cm, Site Mix K-125 | D45: m3 | E45: 5.05 | F45: 751500 | G45: =F45*E45 -> 3795075 | I45: =E45*4.5 -> 22.725
B46: Bekisting | C46: Bekisting Batako | D46: m2 | E46: 8 | F46: 114600 | G46: =F46*E46 -> 916800 | I46: =E46*4.5 -> 36
B47: Besi | C47: Wiremesh M8-1 50 | D47: m2 | E47: 101.04 | F47: 137000 | G47: =F47*E47 -> 13842480 | I47: =E47*4.5 -> 454.68
B48: Beton | C48: K-300 Ex Holcim - SCG Setara | D48: m3 | E48: 13.14 | F48: 1238700 | G48: =F48*E48 -> 16276518 | I48: =E48*4.5 -> 59.13
A50: 3 | B50: Pekerjaan Struktur Atas | H50: =sum(G52:G75) -> 106633619
B51: Kolom Lt. Dasar
B52: Bekisting | C52: Bekisting Multiplek | D52: m2 | E52: 23.94 | F52: 114600 | G52: =F52*E52 -> 2743524
B53: Besi | C53: Standard SNI - 4 Besar | D53: kg | E53: 690.46 | F53: 13000 | G53: =F53*E53 -> 8975980
B54: Beton | C54: K-300 Ex : Holcim - SCG Setara | D54: m3 | E54: 2.46 | F54: 1238700 | G54: =F54*E54 -> 3047202
B58: Balok Lt. Dak
B59: Beksiting | C59: Bekisting Multiplek | D59: m2 | E59: 54.88 | F59: 114600 | G59: =F59*E59 -> 6289248
B60: Besi | C60: Standard SNI - 4 Besar | D60: kg | E60: 1068.12 | F60: 13000 | G60: =F60*E60 -> 13885560
B61: Beton | C61: K-300 Ex: Holcim - SCG Setara | D61: m3 | E61: 6.47 | F61: 1238700 | G61: =F61*E61 -> 8014389
B63: Pelat Lt. Dak
B64: Bekisting Floor Deck | C64: Ex : CBM CD 930 tct 0.7mm | D64: m2 | E64: 105.04 | F64: 186000 | G64: =F64*E64 -> 19537440
B65: Besi | C65: Standard SNI - 4 besar | D65: kg | E65: 380 | F65: 13000 | G65: =F65*E65 -> 4940000
B66: Besi | C66: Wiremesh M8-150 | D66: m2 | E66: 108.04 | F66: 137000 | G66: =F66*E66 -> 14801480
B67: Beton | C67: K-300 Ex: Holcim - SCG Setara | D67: m3 | E67: 15.63 | F67: 1238700 | G67: =F67*E67 -> 19360881
B72: Struktur Tangga
B73: Bekisting | C73: Bekisting Multiplek | D73: m2 | E73: 26.42 | F73: 114600 | G73: =F73*I73 -> 1513866 | I73: =E73/2 -> 13.21
B74: Besi | C74: Standard SNI - 4 Besar | D74: kg | E74: 290.61 | F74: 13000 | G74: =F74*I74 -> 1888965 | I74: =E74/2 -> 145.305
B75: Beton | C75: K-300 Ex : holcim - SCG Setara | D75: m3 | E75: 2.64 | F75: 1238700 | G75: =F75*I75 -> 1635084 | I75: =E75/2 -> 1.32
A77: C | B77: PEKERJAAN FINISHING | H77: =sum(G79:G118) -> 373512019
B78: Finishing Dinding
B79: Pasangan Dinding Bata Ringan | C79: Pasangan Bata Ringan t = 7.5 | D79: m2 | E79: 460.58 | F79: 137300 | G79: =F79*E79 -> 63237634
B80: Plesteran | C80: Semen Instan | D80: m2 | E80: 921.16 | F80: 49200 | G80: =F80*I80 -> 22660536 | I80: =E80/2 -> 460.58
B81: Acian | C81: Semen Instan | D81: m2 | E81: 921.16 | F81: 22600 | G81: =F81*I81 -> 10409108 | I81: =E81/2 -> 460.58
B82: Cat Dinding Interior | D82: m2 | E82: 607.56 | F82: 21600 | G82: =F82*I82 -> 6561648 | I82: =E82/2 -> 303.78
B83: Cat Dinding Exterior | D83: m2 | E83: 263.46 | F83: 30000 | G83: =F83*I83 -> 3951900 | I83: =E83/2 -> 131.73
B84: Keramik Dinding Kamar Mandi | D84: m2 | E84: 56.34 | F84: 281000 | G84: =F84*I84 -> 7915770 | I84: =E84/2 -> 28.17
B85: Expose Kolom dan Balok
B87: dinding outdoor | C87: mortar aci ex : Demix | D87: m2 | E87: 135 | F87: 40000 | G87: =F87*E87 -> 5400000
B88: dinding fasad hitam | C88: mortar aci ex : Demix | D88: m2 | E88: 80 | F88: 40000 | G88: =F88*E88 -> 3200000
B89: glass block | D89: m2 | E89: 54.76 | F89: 400000 | G89: =F89*E89 -> 21904000
B90: dinding alami toilet dan ruang ganti | C90: ex : PHOMI | D90: m2 | E90: 121.95 | F90: 300000 | G90: =F90*E90 -> 36585000
B92: Finishing Lantai
B93: Screed Lantai | D93: m2 | E93: 401.4 | F93: 46200 | G93: =F93*I93 -> 9272340 | I93: =E93/2 -> 200.7
B94: Keramik Utama 60x60 | C94: Code F2 PC Rate 130.000/m2 | D94: m2 | E94: 210 | F94: 286300 | G94: =F94*E94 -> 60123000
B95: Keramik Lantai Kamar Mandi | C95: Code F2 PC Rate 130.000/m2 | D95: m2 | E95: 30 | F95: 286300 | G95: =F95*E95 -> 8589000
B96: Andesit Bakar | C96: Code F1 | D96: m2 | E96: 33.02 | F96: 267600 | G96: =F96*I96 -> 4418076 | I96: =E96/2 -> 16.51
B97: Waterproofing Kamar Mandi dan Dak Atap | C97: Ex: SikaTop 107 | D97: m2 | E97: 104.49 | F97: 108000 | G97: =F97*I97 -> 5642460 | I97: =E97/2 -> 52.245
B98: Parket Flooring | C98: Deck Kolam Renang | D98: m2 | E98: 77 | F98: 540000 | G98: =F98*E98 -> 41580000
B100: Finishing Tangga
B101: Screed Lantai | D101: m2 | E101: 31.98 | F101: 46200 | G101: =F101*I101 -> 738738 | I101: =E101/2 -> 15.99
B102: Keramik Tangga 60 x 60 | C102: Tanpa Step Nozing | D102: m2 | E102: 31.98 | F102: 335000 | G102: =F102*I102 -> 5356650 | I102: =E102/2 -> 15.99
B103: Railing Tangga | D103: m' | E103: 16.33 | F103: 660000 | G103: =F103*I103 -> 5388900 | I103: =E103/2 -> 8.165
B105: Pekerjaan Plafond
B106: Gypsum Board | C106: Code C2 | D106: m2 | E106: 360.02 | F106: 114000 | G106: =F106*I106 -> 20521140 | I106: =E106/2 -> 180.01
B107: Gypsum Board for Wet Area | C107: Code C1 | D107: m2 | E107: 53.57 | F107: 132000 | G107: =F107*I107 -> 3535620 | I107: =E107/2 -> 26.785
B108: Pekerjaan Expose Tangga + Balkon | C108: Code C4 | D108: m2 | E108: 27.33 | F108: 24000 | G108: =F108*I108 -> 327960 | I108: =E108/2 -> 13.665
B109: Shadowline | D109: m' | E109: 158.65 | F109: 19800 | G109: =F109*I109 -> 1570635 | I109: =E109/2 -> 79.325
B110: Kasliboard | C110: Code C3 | D110: m2 | E110: 10.26 | F110: 132000 | G110: =F110*I110 -> 677160 | I110: =E110/2 -> 5.13
B111: Pekerjaan Cat Plafond | D111: m2 | E111: 451.18 | F111: 21600 | G111: =F111*I111 -> 4872744 | I111: =E111/2 -> 225.59
B113: Pekerjaan Kusen Alumunium, Jendela, dan Kaca
B115: Pekerjaan Pintu
B116: PK 1 | C116: Sesuai Detail Hpl Ex : Taco Aksesoris Ex: Dekson | D116: unit | E116: 8 | F116: 1647100 | G116: =F116*E116 -> 13176800
B117: PK 2 | C117: Sesuai Detail | D117: unit | E117: 2 | F117: 1352900 | G117: =F117*E117 -> 2705800
B118: PK 3 | C118: Sesuai Detail Hpl Ex : Taco Aksesoris Ex: Dekson | D118: unit | E118: 1 | F118: 3189400 | G118: =F118*E118 -> 3189400
B120: PEKERJAAN PLUMBING | H120: =sum(G122:G143) -> 60504695
B121: Pekerjaan Instalasi
B122: Instalasi Air Bersih | C122: Pipa 1" Class AW Ex: Wavin | D122: m' | E122: 44.05 | F122: 36100 | G122: =F122*I122 -> 795102.5 | I122: =E122/2 -> 22.025
B123: Instalasi Air Kotor | C123: Pipa 4" Class AW Ex: Wavin | D123: m' | E123: 36.85 | F123: 177000 | G123: =F123*I123 -> 3261225 | I123: =E123/2 -> 18.425
...

Sheet Rumah Sudut
A1: No. | B1: Uraian Pekerjaan | C1: Spesifikasi Ringkas | D1: Sat | E1: Volume | F1: Harga Sat | G1: Total Harga | H1: Sub-Total
A2: A | B2: PEKERJAAN PERSIAPAN | H2: =sum(G3:G10) -> 8027500
A3: 1 | B3: Pekerjaan Bowplank | C3: Kayu Kaso dan Papan Cor | D3: m' | E3: 36 | F3: 17000 | G3: =F3*E3 -> 612000
A4: 2 | B4: Pembangunan Gudang Kerja | D4: ls | E4: 1 | F4: 906700 | G4: =F4*E4 -> 906700
A5: 3 | B5: Direksi Keet | D5: ls | E5: 1 | F5: 906700 | G5: =F5*E5 -> 906700
A6: 4 | B6: Listrik Kerja dan Air Kerja | D6: bln | E6: 3 | F6: 333300 | G6: =F6*E6 -> 999900
A7: 5 | B7: Material Bantu dan Alat Bantu | C7: Schafolding | D7: bln | E7: 3 | F7: 697000 | G7: =F7*E7 -> 2091000
A8: 6 | B8: Kebersihan Akhir | C8: Sampai BAST-1 | D8: m2 | E8: 60 | F8: 11300 | G8: =F8*E8 -> 678000
A9: 7 | B9: Mob Demob Alat | C9: Mesin Pancang 1 Unit | D9: ls | E9: 1 | F9: 1700000 | G9: =F9*E9 -> 1700000
A10: 8 | B10: Anti-Rayap | D10: m2 | E10: 36 | F10: 3700 | G10: =F10*E10 -> 133200
A11: 9 | B11: Kompensasi Overhead Pembangunan Rumah Contoh | D11: bln | E11: 6
A15: B | B15: PEKERJAAN STRUKTUR | H15: =sum(G16:G24) -> 37377600
A16: 1 | B16: Pekerjaan Tiang Pancang | C16: Square Pile 200 x 200 | D16: m' | E16: 81 | F16: 324500 | G16: =E16*F16 -> 26284500
B17: Pemancangan Mini Pile | C17: Ex : Panton Pile
C18: Metode : Jack In Pile
B20: Pemancangan Mini Pile | C20: Square Pile 250 x 250 | D20: m' | E20: 27 | F20: 382500 | G20: =E20*F20 -> 10327500
C21: Ex : Panton Pile
C22: Metode : Jack In Pile
B24: Potong Kepala Pancang | C24: Manual | D24: titik | E24: 12 | F24: 63800 | G24: =E24*F24 -> 765600
A26: 2 | B26: Pekerjaan Struktur Bawah | H26: =sum(G28:G67) -> 48860074
A27: - | B27: Pile Cap
B28: Galian Tanah Manual | D28: m3 | E28: 5.17 | F28: 85000 | G28: =E28*F28 -> 439450
B29: Pemadatan Tanah Dasar | C29: Manual Dengan Stamper | D29: m2 | E29: 3.73 | F29: 17000 | G29: =E29*F29 -> 63410
B30: Pasir Urug | C30: Pasir | D30: m3 | E30: 0.37 | F30: 519100 | G30: =E30*F30 -> 192067
B31: Lantai Kerja | C31: Site Mix K-125 | D31: m3 | E31: 0.19 | F31: 709800 | G31: =E31*F31 -> 134862
B32: Bekisting | C32: Batako | D32: m2 | E32: 16.08 | F32: 108200 | G32: =E32*F32 -> 1739856
B33: Besi | C33: Standard SNI - Toleransi Max 0.5mm | D33: kg | E33: 407.99 | F33: 11700 | G33: =E33*F33 -> 4773483
B34: Beton | C34: K-250 Ready Mix Ex : Merak Beton - Setara | D34: m3 | E34: 2.24 | F34: 1169900 | G34: =E34*F34 -> 2620576
B36: Tie Beam / Sloof
B37: Galian Tanah Manual | D37: m3 | E37: 12.35 | F37: 85000 | G37: =E37*F37 -> 1049750
B38: Pemadatan Tanah Dasar | C38: Manual Dengan Stamper | D38: m2 | E38: 10.19 | F38: 17000 | G38: =E38*F38 -> 173230
B39: Pasir Urug | C39: Pasir | D39: m3 | E39: 1.02 | F39: 519100 | G39: =E39*F39 -> 529482
B40: Lantai Kerja | C40: Site Mix K-125 | D40: m3 | E40: 0.51 | F40: 709800 | G40: =E40*F40 -> 361998
B41: Bekisting | C41: Batako | D41: m2 | E41: 40.76 | F41: 102600 | G41: =E41*F41 -> 4181976
B42: Besi | C42: Standard SNI - Tolernasi Max 0.5mm | D42: kg | E42: 415.39 | F42: 11700 | G42: =E42*F42 -> 4860063
B43: Beton | C43: K-250 Ready Mix Ex : Merak Beton - Setara | D43: m3 | E43: 3.06 | F43: 1169900 | G43: =E43*F43 -> 3579894
B44: Rollag Bata Merah | C44: Tinggi = 40cm, Lebar 30cm | D44: m' | E44: 11.78 | F44: 113300 | G44: =E44*F44 -> 1334674
B46: Pelat Lantai Dasar
B47: Galian Tanah Manual | D47: m3 | E47: 11.36 | F47: 85000 | G47: =E47*F47 -> 965600
B48: Pemadatan Tanah Dasar | C48: Manual Dengan Stamper | D48: m2 | E48: 41.58 | F48: 17000 | G48: =E48*F48 -> 706860
B49: Pasir Urug | C49: Pasir | D49: m3 | E49: 4.164 | F49: 519100 | G49: =E49*F49 -> 2161532.4
B50: Lantai Kerja | C50: Site Mix K-125 | D50: m3 | E50: 2.076 | F50: 709800 | G50: =E50*F50 -> 1473544.8
B51: Bekisting | C51: Triplek | D51: m2 | E51: 5.67 | F51: 102600 | G51: =E51*F51 -> 581742
B52: Besi | C52: Wiremesh M6 - 150 : 1 Layer | D52: m2 | E52: 41.58 | F52: 77400 | G52: =E52*F52 -> 3218292
B53: Beton | C53: K-250 Ready Mix Ex : Merak Beton - Setara | D53: m3 | E53: 3.32 | F53: 1169900 | G53: =E53*F53 -> 3884068
B55: Carport
B56: Galian Tanah Manual | D56: m3 | E56: 2.17 | F56: 85000 | G56: =E56*F56 -> 184450
B57: Pemadatan Tanah Dasar | C57: Manual Dengan Stamper | D57: m2 | E57: 14.48 | F57: 17000 | G57: =E57*F57 -> 246160
B58: Pasir Urug | C58: Pasir | D58: m3 | E58: 1.45 | F58: 519100 | G58: =E58*F58 -> 752695
B59: Lantai Kerja | C59: Site Mix K-125 | D59: m3 | E59: 0.72 | F59: 709800 | G59: =E59*F59 -> 511056
B60: Bekisting | C60: Triplek | D60: m2 | E60: 1.25 | F60: 102600 | G60: =E60*F60 -> 128250
B61: Besi | C61: Wiremesh M6 - 150 : 1 Layer | D61: m2 | E61: 14.48 | F61: 77400 | G61: =E61*F61 -> 1120752
B62: Beton | C62: K-250 Ready Mix Ex : Merak Beton - Setara | D62: m3 | E62: 1.16 | F62: 1169900 | G62: =E62*F62 -> 1357084
B64: Tangga
B65: Bekisting | C65: Multiplek Std 9mm | D65: m2 | E65: 13.27 | F65: 102600 | G65: =E65*F65 -> 1361502
B66: Besi | C66: Wiremeseh M6 - 150 2 layer | D66: m2 | E66: 26.54 | F66: 77400 | G66: =E66*F66 -> 2054196
B67: Beton | C67: K-250 Ready Mix Ex : Merak Beton - Setara | D67: m3 | E67: 1.81 | F67: 1169900 | G67: =E67*F67 -> 2117519
A70: 3 | B70: Pekerjaan Struktur Atas | H70: =sum(G72:G99) -> 110192889
B71: Kolom Lt. Dasar
B72: Bekisting | C72: Multiplek Std 9mm | D72: m2 | E72: 32.19 | F72: 102600 | G72: =E72*F72 -> 3302694
B73: Besi | C73: Standard SNI - Toleransi Max 0.5mm | D73: kg | E73: 448.77 | F73: 11700 | G73: =E73*F73 -> 5250609
B74: Beton | C74: K-250 Ready Mix Ex : Merak Beton - Setara | D74: m3 | E74: 1.45 | F74: 1169900 | G74: =E74*F74 -> 1696355
B76: Balok Lt. 1
B77: Bekisting | C77: Multiplek Std 9mm | D77: m2 | E77: 47.48 | F77: 102600 | G77: =E77*F77 -> 4871448
B78: Besi | C78: Standard SNI - Toleransi Max 0.5mm | D78: kg | E78: 525.51 | F78: 11700 | G78: =E78*F78 -> 6148467
B79: Beton | C79: K-250 Ready Mix Ex : Merak Beton - Setara | D79: m3 | E79: 3.52 | F79: 1169900 | G79: =E79*F79 -> 4118048
B81: Pelat Lt. 1
B82: Bekisting | C82: Multiplek Std 9mm | D82: m2 | E82: 36.56 | F82: 102600 | G82: =E82*F82 -> 3751056
B83: Besi | C83: Wiremesh M7-150 : 2 Layer | D83: m2 | E83: 73.12 | F83: 77400 | G83: =E83*F83 -> 5659488
B84: Beton | C84: K-250 Ready Mix Ex : Merak Beton - Setara | D84: m3 | E84: 4.39 | F84: 1169900 | G84: =E84*F84 -> 5135861
B86: Kolom Lt. 1
B87: Bekisting | C87: Multiplek Std 9mm | D87: m2 | E87: 23.94 | F87: 102600 | G87: =E87*F87 -> 2456244
B88: Besi | C88: Standard SNI - Toleransi Max 0.5mm | D88: kg | E88: 268.14 | F88: 11700 | G88: =E88*F88 -> 3137238
B89: Beton | C89: K-250 Ready Mix Ex : Merak Beton - Setara | D89: m3 | E89: 1.02 | F89: 1169900 | G89: =E89*F89 -> 1193298
B91: Balok Lt. Dak
B92: Bekisting | C92: Multiplek Std 9mm | D92: m2 | E92: 161.64 | F92: 102600 | G92: =E92*F92 -> 16584264
B93: Besi | C93: Standard SNI - Toleransi Max 0.5mm | D93: kg | E93: 1788.64 | F93: 11700 | G93: =E93*F93 -> 20927088
B94: Beton | C94: K-250 Ready Mix Ex : Merak Beton - Setara | D94: m3 | E94: 12.09 | F94: 1169900 | G94: =E94*F94 -> 14144091
B96: Pelat Lt. Dak
B97: Bekisting | C97: Multiplek Std 9mm | D97: m2 | E97: 28.08 | F97: 108600 | G97: =E97*F97 -> 3049488
B98: Besi | C98: Wiremesh M7-150 : 2 Layer | D98: m2 | E98: 56.16 | F98: 82000 | G98: =E98*F98 -> 4605120
B99: Beton | C99: K-250 Ready Mix Ex : Merak Beton - Setara | D99: m3 | E99: 3.36 | F99: 1238700 | G99: =E99*F99 -> 4162032
A101: C | B101: Pekerjaan Finishing | H101: =sum(G103:G167) -> 248360486
B102: Finishing Dinding
B103: Pasangan Dinding Bata Ringan | C103: Dinding Bata Ringan tebal = 10cm Ex : Powerblock | D103: m2 | E103: 525.88 | F103: 140800 | G103: =E103*F103 -> 74043904
B104: Plesteran | C104: Ex : Powerblock - setara | D104: m2 | E104: 774.9 | F104: 40800 | G104: =E104*F104 -> 31615920
B105: Acian | C105: Ex : Powerblock - setara | D105: m2 | E105: 774.9 | F105: 21500 | G105: =E105*F105 -> 16660350
B106: Cat Interior | C106: Ex : Mowilex Cendana | D106: m2 | E106: 450.6 | F106: 20400 | G106: =E106*F106 -> 9192240
B107: Cat Exterior | C107: Ex : Mowilex WeatherCoat | D107: m2 | E107: 233.98 | F107: 28300 | G107: =E107*F107 -> 6621634
B108: Keramik Dinding Kamar Mandi | C108: Ex : Sandimas 60 x 60 PC - setara PC Rate Rp. 120.000/m2 | D108: m2 | E108: 90.32 | F108: 250700 | G108: =E108*F108 -> 22643224
B110: Finishing Lantai
B111: Screed Lantai | D111: m2 | E111: 73.96 | F111: 43600 | G111: =E111*F111 -> 3224656
B112: Keramik Lantai Utama 60 x 60 | C112: Ex : Sandimas 60 x 60 PC - setara PC Rate Rp. 120.000/m2 | D112: m2 | E112: 54.69 | F112: 228000 | G112: =E112*F112 -> 12469320
B113: Skirting Keramik | C113: Ex : Sandimas 10 x 60 PC - setara PC Rate Rp. 120.000/m2 | D113: m' | E113: 59.4 | F113: 29300 | G113: =E113*F113 -> 1740420
B114: Keramik Lantai Kamar Mandi | C114: Ex : Sandimas 10 x 60 PC - setara PC Rate Rp. 120.000/m2 | D114: m2 | E114: 8.58 | F114: 228000 | G114: =E114*F114 -> 1956240
B115: Keramik Lantai Teras / Balkon | C115: Ex : Sandimas 10 x 60 PC - setara PC Rate Rp. 120.000/m2 | D115: m2 | E115: 2.196 | F115: 228000 | G115: =E115*F115 -> 500688
B116: Waterproofing Kamar Mandi + Dak | C116: Ex : Sika Top 107 | D116: m2 | E116: 14.47 | F116: 102000 | G116: =E116*F116 -> 1475940
B117: Andesit Bakar Finishing Carport | D117: m2 | E117: 17.37 | F117: 241400 | G117: =E117*F117 -> 4193118
B118: Deck Kayu | C118: Deck Flooring Kayu | D118: m2 | E118: 6.35 | F118: 540000 | G118: =E118*F118 -> 3429000
B120: Finishing Tangga
...
